absent	absˈɛnt
abstract	əbstɹˈakt
abstracts	əbstɹˈakts
addict	ədˈɪkt
addicts	ədˈɪkts
advocate	ˈadvəkAt
advocates	ˈadvəkAts
affect	əfˈɛkt
affects	əfˈɛkts
affiliate	əfˈɪlɪAt
affiliates	əfˈɪlɪAts
affix	əfˈɪks
affixes	əfˈɪksɪz
agglomerate	əɡlˈɒməɹAt
agglomerates	əɡlˈɒməɹAts
aggregate	ˈaɡɹɪɡAt
aggregates	ˈaɡɹɪɡAts
allied	əlˈId
allies	əlˈIz
alloy	əlˈY
alloyed	əlˈYd
alloys	əlˈYz
ally	əlˈI
alternate	ˈɔːltənAt
alternates	ˈɔːltənAts
analyses	ˈanəlIzɪz
appropriate	əpɹˈQpɹɪAt
approximate	əpɹˈɒksɪmAt
approximates	əpɹˈɒksɪmAts
articulate	ɑːtˈɪkjʊlAt
associate	əsˈQʃɪAt
associates	əsˈQʃɪAts
attribute	ətɹˈɪbjuːt
attributes	ətɹˈɪbjuːts
augment	ɔːɡmˈɛnt
augmented	ɔːɡmˈɛntɪd
augments	ɔːɡmˈɛnts
axes	ˈaksɪz
bow	bˈW
bows	bˈWz
buffet	bˈʌfɪt
buffets	bˈʌfɪts
carbonate	kˈɑːbənAt
carbonates	kˈɑːbənAts
certificate	sətˈɪfɪkAt
certificates	sətˈɪfɪkAts
close	klˈQz
commune	kəmjˈuːn
communes	kəmjˈuːnz
compact	kəmpˈakt
compacts	kəmpˈakts
complement	kˈɒmplɪmɛnt
complements	kˈɒmplɪmɛnts
compliment	kˈɒmplɪmɛnt
compliments	kˈɒmplɪmɛnts
compound	kəmpˈWnd
compounds	kəmpˈWndz
concert	kənsˈɜːt
concerts	kənsˈɜːts
conduct	kəndˈʌkt
conducts	kəndˈʌkts
confederate	kənfˈɛdəɹAt
confederates	kənfˈɛdəɹAts
conflict	kənflˈɪkt
conflicts	kənflˈɪkts
conglomerate	kənɡlˈɒməɹAt
conglomerates	kənɡlˈɒməɹAts
conjugate	kˈɒnʤʊɡAt
conjugates	kˈɒnʤʊɡAts
conscript	kənskɹˈɪpt
conscripts	kənskɹˈɪpts
console	kənsˈQl
consoles	kənsˈQlz
consort	kənsˈɔːt
consorts	kənsˈɔːts
contest	kəntˈɛst
contests	kəntˈɛsts
contract	kəntɹˈakt
contracts	kəntɹˈakts
contrast	kəntɹˈɑːst
contrasts	kəntɹˈɑːsts
coordinate	kQˈɔːdɪnAt
coordinates	kQˈɔːdɪnAts
counterbalance	kˌWntəbˈaləns
counterbalances	kˌWntəbˈalənsɪz
crooked	kɹˈʊkt
decrease	dɪkɹˈiːs
decreases	dɪkɹˈiːsɪz
defect	dɪfˈɛkt
defects	dɪfˈɛkts
degenerate	dɪʤˈɛnəɹAt
degenerates	dɪʤˈɛnəɹAts
delegate	dˈɛlɪɡAt
delegates	dˈɛlɪɡAts
descant	dɛskˈant
descants	dɛskˈants
desert	dɪzˈɜːt
deserts	dɪzˈɜːts
desolate	dˈɛsəlAt
discount	dɪskˈWnt
discounts	dɪskˈWnts
discourse	dɪskˈɔːs
discourses	dɪskˈɔːsɪz
document	dˈɒkjʊmɛnt
documents	dˈɒkjʊmɛnts
dogged	dˈɒɡd
dove	dˈQv
duplicate	djˈuːplɪkAt
duplicates	djˈuːplɪkAts
entrance	ɪntɹˈɑːns
entrances	ɪntɹˈɑːnsɪz
escort	ɪskˈɔːt
escorts	ɪskˈɔːts
essay	ɛsˈA
essays	ɛsˈAz
excise	ɪksˈIz
excises	ɪksˈIzɪz
expatriate	ɛkspˈatɹɪAt
expatriates	ɛkspˈatɹɪAts
fragment	fɹaɡmˈɛnt
fragments	fɹaɡmˈɛnts
frequent	fɹɪkwˈɛnt
graduate	ɡɹˈaʤʊAt
graduates	ɡɹˈaʤʊAts
guesstimate	ɡˈɛstɪmAt
guesstimates	ɡˈɛstɪmAts
house	hˈWz
houses	hˈWzɪz
illegitimate	ɪlɪʤˈɪtɪmˌAt
illegitimates	ɪlɪʤˈɪtɪmˌAts
implement	ˈɪmplɪmɛnt
implements	ˈɪmplɪmɛnts
incense	ɪnsˈɛns
incenses	ɪnsˈɛnsɪz
infill	ɪnfˈɪl
infills	ɪnfˈɪlz
initiate	ɪnˈɪʃɪAt
initiates	ɪnˈɪʃɪAts
insult	ɪnsˈʌlt
insults	ɪnsˈʌlts
intercept	ˌɪntəsˈɛpt
intercepts	ˌɪntəsˈɛpts
interdict	ˌɪntədˈɪkt
interdicts	ˌɪntədˈɪkts
interspace	ɪntəspˈAs
interspaces	ɪntəspˈAsɪz
intimate	ˈɪntɪmAt
intimates	ˈɪntɪmAts
jagged	ʤˈaɡd
legitimate	lɪʤˈɪtɪmˌAt
legitimates	lɪʤˈɪtɪmˌAts
live	lˈɪv
lives	lˈɪvz
mandate	mˌandˈAt
mandates	mˌandˈAts
merchandise	mˈɜːʧᵊndIz
merchandises	mˈɜːʧᵊndIzɪz
misconduct	mˌɪskəndˈʌkt
misconducts	mˌɪskəndˈʌkts
mismatch	mˌɪsmˈaʧ
mismatches	mˌɪsmˈaʧɪz
misprint	mˌɪspɹˈɪnt
misprints	mˌɪspɹˈɪnts
moderate	mˈɒdəɹAt
moderates	mˈɒdəɹAts
moped	mˈQpt
mouth	mˈWð
mouths	mˈWðz
nitrate	nItɹˈAt
nitrates	nItɹˈAts
object	əbʤˈɛkt
objects	əbʤˈɛkts
offset	ˌɒfsˈɛt
offsets	ˌɒfsˈɛts
opiate	ˈQpɪAt
opiates	ˈQpɪAts
orient	ˈɔːɹɪɛnt
orients	ˈɔːɹɪɛnts
ornament	ˈɔːnəmɛnt
ornaments	ˈɔːnəmɛnts
outcaste	ˌWtkˈɑːst
outcastes	ˌWtkˈɑːsts
outgo	ˌWtɡˈQ
outgoes	ˌWtɡˈQz
outreach	ˌWtɹˈiːʧ
outreaches	ˌWtɹˈiːʧɪz
overcast	ˌQvəkˈɑːst
overcasts	ˌQvəkˈɑːsts
overdose	ˌQvədˈQs
overdoses	ˌQvədˈQsɪz
overpass	ˌQvəpˈɑːs
overpasses	ˌQvəpˈɑːsɪz
perfect	pəfˈɛkt
perfects	pəfˈɛkts
permit	pəmˈɪt
permits	pəmˈɪts
pigment	pɪɡmˈɛnt
pigments	pɪɡmˈɛnts
precipitate	pɹɪsˈɪpɪtAt
precipitates	pɹɪsˈɪpɪtAts
predicate	pɹˈɛdɪkAt
predicates	pɹˈɛdɪkAts
premise	pɹɪmˈIz
premises	pɹɪmˈIzɪz
present	pɹɪzˈɛnt
presents	pɹɪzˈɛnts
proceeds	pɹəsˈiːdz
progress	pɹQɡɹˈɛs
progresses	pɹQɡɹˈɛsɪz
project	pɹəʤˈɛkt
projects	pɹəʤˈɛkts
prospect	pɹəspˈɛkt
prospects	pɹəspˈɛkts
quadrate	kwɒdɹˈAt
quadrates	kwɒdɹˈAts
ragged	ɹˈaɡd
rampage	ɹampˈAʤ
rampages	ɹampˈAʤɪz
rebel	ɹɪbˈɛl
rebels	ɹɪbˈɛlz
rebound	ɹiːbˈWnd
rebounds	ɹiːbˈWndz
record	ɹɪkˈɔːd
records	ɹɪkˈɔːdz
regiment	ɹˈɛʤɪmɛnt
regiments	ɹˈɛʤɪmɛnts
relay	ɹɪlˈA
relays	ɹɪlˈAz
replicate	ɹˈɛplɪkAt
replicates	ɹˈɛplɪkAts
saturate	sˈaʧʊɹAt
saturates	sˈaʧʊɹAts
segment	sɛɡmˈɛnt
segments	sɛɡmˈɛnts
separate	sˈɛpəɹAt
separates	sˈɛpəɹAts
sophisticate	səfˈɪstɪkAt
sophisticates	səfˈɪstɪkAts
subject	səbʤˈɛkt
subjects	səbʤˈɛkts
sublease	sˌʌblˈiːs
subleases	sˌʌblˈiːsɪz
subordinate	səbˈɔːdɪnAt
subordinates	səbˈɔːdɪnAts
supplement	sˈʌplɪmɛnt
supplements	sˈʌplɪmɛnts
survey	səvˈA
surveys	səvˈAz
suspect	səspˈɛkt
suspects	səspˈɛkts
tear	tˈɛː
tears	tˈɛːz
torment	tɔːmˈɛnt
torments	tɔːmˈɛnts
transfer	tɹɑːnsfˈɜː
transfers	tɹɑːnsfˈɜːz
transport	tɹɑːnspˈɔːt
transports	tɹɑːnspˈɔːts
triplicate	tɹˈɪplɪkAt
triplicates	tɹˈɪplɪkAts
underscore	ˌʌndəskˈɔː
underscores	ˌʌndəskˈɔːz
undertaking	ˌʌndətˈAkɪŋ
update	ˌʌpdˈAt
updates	ˌʌpdˈAts
upsetting	ˈʌpsɛtɪŋ
upturn	ˌʌptˈɜːn
upturns	ˌʌptˈɜːnz
warehouse	wˈɛːhWz
warehouses	wˈɛːhWzɪz
wind	wˈInd
winds	wˈIndz
