absent	æbsˈɛnt
abstract	əbstɹˈækt
abstracts	əbstɹˈækts
addict	ədˈɪkt
addicts	ədˈɪkts
advocate	ˈædvəkˌAt
advocates	ˈædvəkˌAts
affect	əfˈɛkt
affects	əfˈɛkts
affiliate	əfˈɪliˌAt
affiliates	əfˈɪliˌAts
affix	əfˈɪks
affixes	əfˈɪksᵻz
agglomerate	əɡlˈɑməɹˌAt
agglomerates	əɡlˈɑməɹˌAts
aggregate	ˈæɡɹəɡˌAt
aggregates	ˈæɡɹəɡˌAts
alternate	ˈɔltəɹnˌAt
alternates	ˈɔltəɹnˌAts
analyses	ˈænᵊlˌIzᵻz
appropriate	əpɹˈOpɹiˌAt
approximate	əpɹˈɑksəmˌAt
approximates	əpɹˈɑksəmˌAts
articulate	ɑɹtˈɪkjəlˌAt
associate	əsˈOsiˌAt
associates	əsˈOsiˌAts
attribute	ətɹˈɪbjˌut
attributes	ətɹˈɪbjˌuts
augment	ɔɡmˈɛnt
augmented	ɔɡmˈɛntᵻd
augments	ɔɡmˈɛnts
axes	ˈæksᵻz
bow	bˈW
bows	bˈWz
buffet	bˈʌfət
buffets	bˈʌfəts
carbonate	kˈɑɹbənˌAt
carbonates	kˈɑɹbənˌAts
certificate	sˌɜɹtˈɪfəkAt
certificates	sˌɜɹtˈɪfəkAts
close	klˈOz
commune	kəmjˈun
communes	kəmjˈunz
compact	kəmpˈækt
compacts	kəmpˈækts
complement	kˈɑmpləmˌɛnt
complements	kˈɑmpləmˌɛnts
compliment	kˈɑmpləmˌɛnt
compliments	kˈɑmpləmˌɛnts
compound	kəmpˈWnd
compounds	kəmpˈWndz
concert	kənsˈɜɹt
concerts	kənsˈɜɹts
conduct	kəndˈʌkt
conducts	kəndˈʌkts
confederate	kənfˈɛdəɹˌAt
confederates	kənfˈɛdəɹˌAts
conflict	kənflˈɪkt
conflicts	kənflˈɪkts
conglomerate	kənɡlˈɑməɹˌAt
conglomerates	kənɡlˈɑməɹˌAts
conjugate	kˈɑnʤəɡˌAt
conjugates	kˈɑnʤəɡˌAts
conscript	kənskɹˈɪpt
conscripts	kənskɹˈɪpts
console	kənsˈOl
consoles	kənsˈOlz
consort	kənsˈɔɹt
consorts	kənsˈɔɹts
contest	kəntˈɛst
contests	kəntˈɛsts
contract	kəntɹˈækt
contracts	kəntɹˈækts
contrast	kəntɹˈæst
contrasts	kəntɹˈæsts
coordinate	kOˈɔɹdənˌAt
coordinates	kOˈɔɹdənˌAts
counterbalance	kˌWntəɹbˈæləns
counterbalances	kˌWntəɹbˈælənsᵻz
crooked	kɹˈʊkt
decrease	dəkɹˈis
decreases	dəkɹˈisᵻz
defect	dəfˈɛkt
defects	dəfˈɛkts
degenerate	dəʤˈɛnəɹˌAt
degenerates	dəʤˈɛnəɹˌAts
delegate	dˈɛləɡˌAt
delegates	dˈɛləɡˌAts
desert	dəzˈɜɹt
deserts	dəzˈɜɹts
desolate	dˈɛsəlˌAt
discount	dˌɪskˈWnt
discounts	dˌɪskˈWnts
discourse	dɪskˈɔɹs
discourses	dɪskˈɔɹsᵻz
document	dˈɑkjəmˌɛnt
documents	dˈɑkjəmˌɛnts
dogged	dˈɔɡd
dove	dˈOv
duplicate	dˈupləkˌAt
duplicates	dˈupləkˌAts
entrance	ɪntɹˈæns
entrances	ɪntɹˈænsᵻz
escort	ɪskˈɔɹt
escorts	ɪskˈɔɹts
essay	ɛsˈA
essays	ɛsˈAz
excise	ɪksˈIz
excises	ɪksˈIzᵻz
expatriate	ɛkspˈAtɹiˌAt
expatriates	ɛkspˈAtɹiˌAts
fragment	fɹˈæɡmˌɛnt
fragments	fɹˈæɡmˌɛnts
graduate	ɡɹˈæʤʊˌAt
graduates	ɡɹˈæʤʊˌAts
guesstimate	ɡˈɛstəmˌAt
guesstimates	ɡˈɛstəmˌAts
house	hˈWz
houses	hˈWzᵻz
illegitimate	ɪləʤˈɪɾəmˌAt
illegitimates	ɪləʤˈɪɾəmˌAts
implement	ˈɪmpləmˌɛnt
implements	ˈɪmpləmˌɛnts
incense	ɪnsˈɛns
incenses	ɪnsˈɛnsᵻz
initiate	ɪnˈɪʃiˌAt
initiates	ɪnˈɪʃiˌAts
insult	ɪnsˈʌlt
insults	ɪnsˈʌlts
intercept	ˌɪntəɹsˈɛpt
intercepts	ˌɪntəɹsˈɛpts
interdict	ˌɪntəɹdˈɪkt
interdicts	ˌɪntəɹdˈɪkts
interspace	ˌɪntəɹspˈAs
interspaces	ˌɪntəɹspˈAsᵻz
intimate	ˈɪntəmˌAt
intimates	ˈɪntəmˌAts
jagged	ʤˈæɡd
legitimate	ləʤˈɪɾəmˌAt
legitimates	ləʤˈɪɾəmˌAts
live	lˈɪv
lives	lˈɪvz
merchandise	mˈɜɹʧəndˌIz
merchandises	mˈɜɹʧəndˌIzᵻz
misconduct	mˌɪskəndˈʌkt
misconducts	mˌɪskəndˈʌkts
mismatch	mˌɪsmˈæʧ
mismatches	mˌɪsmˈæʧᵻz
misprint	mˌɪspɹˈɪnt
misprints	mˌɪspɹˈɪnts
moderate	mˈɑdəɹˌAt
moderates	mˈɑdəɹˌAts
moped	mˈOpt
mouth	mˈWð
mouths	mˈWðz
object	əbʤˈɛkt
objects	əbʤˈɛkts
offset	ˌɔfsˈɛt
offsets	ˌɔfsˈɛts
opiate	ˈOpiAt
opiates	ˈOpiAts
orient	ˈɔɹiɛnt
orients	ˈɔɹiɛnts
ornament	ˈɔɹnəmɛnt
ornaments	ˈɔɹnəmɛnts
outcaste	ˌWtkˈæst
outcastes	ˌWtkˈæsts
outgo	ˌWtɡˈO
outgoes	ˌWtɡˈOz
outreach	ˌWtɹˈiʧ
outreaches	ˌWtɹˈiʧᵻz
overdose	ˌOvəɹdˈOs
overdoses	ˌOvəɹdˈOsᵻz
overpass	ˌOvəɹpˈæs
overpasses	ˌOvəɹpˈæsᵻz
perfect	pəɹfˈɛkt
perfects	pəɹfˈɛkts
permit	pəɹmˈɪt
permits	pəɹmˈɪts
pigment	pɪɡmˈɛnt
pigments	pɪɡmˈɛnts
precipitate	pɹisˈɪpətˌAt
precipitates	pɹisˈɪpətˌAts
predicate	pɹˈɛdəkˌAt
predicates	pɹˈɛdəkˌAts
present	pɹizˈɛnt
presents	pɹizˈɛnts
proceeds	pɹəsˈidz
progress	pɹəɡɹˈɛs
progresses	pɹəɡɹˈɛsᵻz
project	pɹəʤˈɛkt
projects	pɹəʤˈɛkts
quadrate	kwˈɑdɹˌAt
quadrates	kwˈɑdɹˌAts
ragged	ɹˈæɡd
rebel	ɹəbˈɛl
rebels	ɹəbˈɛlz
record	ɹəkˈɔɹd
records	ɹəkˈɔɹdz
regiment	ɹˈɛʤəmˌɛnt
regiments	ɹˈɛʤəmˌɛnts
relay	ɹilˈA
relays	ɹilˈAz
replicate	ɹˈɛpləkˌAt
replicates	ɹˈɛpləkˌAts
saturate	sˈæʧəɹˌAt
saturates	sˈæʧəɹˌAts
segment	sˈɛɡmˌɛnt
segments	sˈɛɡmˌɛnts
separate	sˈɛpəɹˌAt
separates	sˈɛpəɹˌAts
sophisticate	səfˈɪstəkˌAt
sophisticates	səfˈɪstəkˌAts
subject	səbʤˈɛkt
subjects	səbʤˈɛkts
sublease	səblˈis
subleases	səblˈisᵻz
subordinate	səbˈɔɹdnˌAt
subordinates	səbˈɔɹdnˌAts
supplement	sˈʌpləmˌɛnt
supplements	sˈʌpləmˌɛnts
survey	səɹvˈA
surveys	səɹvˈAz
suspect	səspˈɛkt
suspects	səspˈɛkts
tear	tˈɛɹ
tears	tˈɛɹz
torment	tɔɹmˈɛnt
torments	tɔɹmˈɛnts
transport	tɹænspˈɔɹt
transports	tɹænspˈɔɹts
triplicate	tɹˈɪpləkˌAt
triplicates	tɹˈɪpləkˌAts
undertaking	ˌʌndəɹtˈAkɪŋ
upsetting	ˈʌpsˌɛɾɪŋ
upturn	ˌʌptˈɜɹn
upturns	ˌʌptˈɜɹnz
warehouse	wˈɛɹhˌWz
warehouses	wˈɛɹhˌWzᵻz
wind	wˈInd
winds	wˈIndz
